{
  "build_time": {
    "must": 0.014932870864868164,
    "naive": 0.7983238697052002,
    "unified": 6.628036499023438e-05
  },
  "memory_mb": {
    "must": 0.0,
    "naive": 7.625,
    "unified": 0.0
  }
}