k,MUST_recall,MaxSim_recall,TypedSet_recall,MUST_ndcg,MaxSim_ndcg,TypedSet_ndcg,MaxSim_improvement_over_MUST,TypedSet_improvement_over_MUST
1,0.019999999999999997,0.0168,0.019999999999999997,1.0,0.84,1.0,-15.999999999999993,0.0
5,0.09459999999999998,0.0732,0.09999999999999998,0.9585374822424387,0.7557507441218686,1.0,-22.621564482029576,5.708245243128967
10,0.17799999999999996,0.12880000000000003,0.19999999999999996,0.9158087445815367,0.6866152542171742,1.0,-27.640449438202218,12.359550561797752
50,0.5724,0.3924,1.0,0.6519214253072672,0.46093845714429116,1.0,-31.446540880503143,74.70300489168413
100,0.7831999999999999,0.5820000000000001,1.0,0.7849214165843033,0.5799102649003739,1.0,-25.68947906026556,27.68130745658837
