{
  "must_results": {
    "recall@1": {
      "mean": 0.019999999999999997,
      "std": 3.469446951953614e-18
    },
    "ndcg@1": {
      "mean": 1.0,
      "std": 0.0
    },
    "recall@5": {
      "mean": 0.09459999999999998,
      "std": 0.009738583059151882
    },
    "ndcg@5": {
      "mean": 0.9585374822424387,
      "std": 0.07705264209194092
    },
    "recall@10": {
      "mean": 0.17799999999999996,
      "std": 0.018
    },
    "ndcg@10": {
      "mean": 0.9158087445815367,
      "std": 0.07187472442155324
    },
    "recall@50": {
      "mean": 0.5724,
      "std": 0.05598428350885629
    },
    "ndcg@50": {
      "mean": 0.6519214253072672,
      "std": 0.04917517334657871
    },
    "recall@100": {
      "mean": 0.7831999999999999,
      "std": 0.055693446652187
    },
    "ndcg@100": {
      "mean": 0.7849214165843033,
      "std": 0.04562690308710122
    }
  },
  "maxsim_results": {
    "recall@1": {
      "mean": 0.0168,
      "std": 0.007332121111929343
    },
    "ndcg@1": {
      "mean": 0.84,
      "std": 0.36660605559646725
    },
    "recall@5": {
      "mean": 0.0732,
      "std": 0.02063395260244629
    },
    "ndcg@5": {
      "mean": 0.7557507441218686,
      "std": 0.2063853140430238
    },
    "recall@10": {
      "mean": 0.12880000000000003,
      "std": 0.032902279556286065
    },
    "ndcg@10": {
      "mean": 0.6866152542171742,
      "std": 0.16690594858744523
    },
    "recall@50": {
      "mean": 0.3924,
      "std": 0.05034123558277051
    },
    "ndcg@50": {
      "mean": 0.46093845714429116,
      "std": 0.05784116619871759
    },
    "recall@100": {
      "mean": 0.5820000000000001,
      "std": 0.06477653896280658
    },
    "ndcg@100": {
      "mean": 0.5799102649003739,
      "std": 0.06266354825308658
    }
  },
  "typed_set_results": {
    "recall@1": {
      "mean": 0.019999999999999997,
      "std": 3.469446951953614e-18
    },
    "ndcg@1": {
      "mean": 1.0,
      "std": 0.0
    },
    "recall@5": {
      "mean": 0.09999999999999998,
      "std": 2.7755575615628914e-17
    },
    "ndcg@5": {
      "mean": 1.0,
      "std": 0.0
    },
    "recall@10": {
      "mean": 0.19999999999999996,
      "std": 5.551115123125783e-17
    },
    "ndcg@10": {
      "mean": 1.0,
      "std": 0.0
    },
    "recall@50": {
      "mean": 1.0,
      "std": 0.0
    },
    "ndcg@50": {
      "mean": 1.0,
      "std": 0.0
    },
    "recall@100": {
      "mean": 1.0,
      "std": 0.0
    },
    "ndcg@100": {
      "mean": 1.0,
      "std": 0.0
    }
  }
}