{
  "vespa_results": {
    "recall@1": {
      "mean": 0.016,
      "std": 0.008
    },
    "ndcg@1": {
      "mean": 0.8,
      "std": 0.4
    },
    "recall@5": {
      "mean": 0.06680000000000001,
      "std": 0.021207545826898502
    },
    "ndcg@5": {
      "mean": 0.6935322725659163,
      "std": 0.2184512634895101
    },
    "recall@10": {
      "mean": 0.12360000000000003,
      "std": 0.03217203754815663
    },
    "ndcg@10": {
      "mean": 0.6502686932285787,
      "std": 0.16319326560747588
    },
    "recall@50": {
      "mean": 0.4720000000000001,
      "std": 0.062225396744416184
    },
    "ndcg@50": {
      "mean": 0.5164461300910397,
      "std": 0.07049185561612052
    },
    "recall@100": {
      "mean": 0.7348000000000002,
      "std": 0.05821477475692919
    },
    "ndcg@100": {
      "mean": 0.6814852680399335,
      "std": 0.06365848421534784
    }
  },
  "lance_results": {
    "recall@1": {
      "mean": 0.001,
      "std": 0.0043588989435406735
    },
    "ndcg@1": {
      "mean": 0.05,
      "std": 0.21794494717703367
    },
    "recall@5": {
      "mean": 0.0062,
      "std": 0.01084250893474384
    },
    "ndcg@5": {
      "mean": 0.0592964839651107,
      "std": 0.10778872149044193
    },
    "recall@10": {
      "mean": 0.0128,
      "std": 0.017092688495377196
    },
    "ndcg@10": {
      "mean": 0.06149414981868435,
      "std": 0.08485518996450298
    },
    "recall@50": {
      "mean": 0.053,
      "std": 0.029034462281915953
    },
    "ndcg@50": {
      "mean": 0.054462815692871515,
      "std": 0.03511538690871784
    },
    "recall@100": {
      "mean": 0.10500000000000002,
      "std": 0.03861346915261565
    },
    "ndcg@100": {
      "mean": 0.08668082154267624,
      "std": 0.03788407524507792
    }
  },
  "mstm_aware_results": {
    "recall@1": {
      "mean": 0.019999999999999997,
      "std": 3.469446951953614e-18
    },
    "ndcg@1": {
      "mean": 1.0,
      "std": 0.0
    },
    "recall@5": {
      "mean": 0.09999999999999998,
      "std": 2.7755575615628914e-17
    },
    "ndcg@5": {
      "mean": 1.0,
      "std": 0.0
    },
    "recall@10": {
      "mean": 0.19999999999999996,
      "std": 5.551115123125783e-17
    },
    "ndcg@10": {
      "mean": 1.0,
      "std": 0.0
    },
    "recall@50": {
      "mean": 1.0,
      "std": 0.0
    },
    "ndcg@50": {
      "mean": 1.0,
      "std": 0.0
    },
    "recall@100": {
      "mean": 1.0,
      "std": 0.0
    },
    "ndcg@100": {
      "mean": 1.0,
      "std": 0.0
    }
  }
}